{
  "goodbye": {
    "precision": 1.0,
    "recall": 0.9090909090909091,
    "f1-score": 0.9523809523809523,
    "support": 11,
    "confused_with": {
      "welcome": 1
    }
  },
  "welcome": {
    "precision": 0.875,
    "recall": 1.0,
    "f1-score": 0.9333333333333333,
    "support": 7,
    "confused_with": {}
  },
  "symptoms_aids": {
    "precision": 1.0,
    "recall": 1.0,
    "f1-score": 1.0,
    "support": 3,
    "confused_with": {}
  },
  "what_Angina": {
    "precision": 1.0,
    "recall": 1.0,
    "f1-score": 1.0,
    "support": 1,
    "confused_with": {}
  },
  "prevention_aids": {
    "precision": 1.0,
    "recall": 1.0,
    "f1-score": 1.0,
    "support": 3,
    "confused_with": {}
  },
  "treatment_aids": {
    "precision": 1.0,
    "recall": 1.0,
    "f1-score": 1.0,
    "support": 3,
    "confused_with": {}
  },
  "what_aids": {
    "precision": 1.0,
    "recall": 1.0,
    "f1-score": 1.0,
    "support": 3,
    "confused_with": {}
  },
  "accuracy": 0.967741935483871,
  "macro avg": {
    "precision": 0.9821428571428571,
    "recall": 0.987012987012987,
    "f1-score": 0.9836734693877551,
    "support": 31
  },
  "weighted avg": {
    "precision": 0.9717741935483871,
    "recall": 0.967741935483871,
    "f1-score": 0.9680491551459294,
    "support": 31
  }
}