{
  "utter_cheer_up": {
    "precision": 0.0,
    "recall": 0.0,
    "f1-score": 0.0,
    "support": 3
  },
  "utter_goodbye": {
    "precision": 1.0,
    "recall": 0.5,
    "f1-score": 0.6666666666666666,
    "support": 4
  },
  "utter_happy": {
    "precision": 0.0,
    "recall": 0.0,
    "f1-score": 0.0,
    "support": 3
  },
  "utter_did_that_help": {
    "precision": 0.0,
    "recall": 0.0,
    "f1-score": 0.0,
    "support": 3
  },
  "bot_challenge": {
    "precision": 0.0,
    "recall": 0.0,
    "f1-score": 0.0,
    "support": 1
  },
  "mood_great": {
    "precision": 0.0,
    "recall": 0.0,
    "f1-score": 0.0,
    "support": 2
  },
  "goodbye": {
    "precision": 0.2857142857142857,
    "recall": 1.0,
    "f1-score": 0.4444444444444445,
    "support": 2
  },
  "greet": {
    "precision": 0.0,
    "recall": 0.0,
    "f1-score": 0.0,
    "support": 5
  },
  "deny": {
    "precision": 0.0,
    "recall": 0.0,
    "f1-score": 0.0,
    "support": 2
  },
  "utter_iamabot": {
    "precision": 0.0,
    "recall": 0.0,
    "f1-score": 0.0,
    "support": 1
  },
  "affirm": {
    "precision": 0.0,
    "recall": 0.0,
    "f1-score": 0.0,
    "support": 1
  },
  "action_listen": {
    "precision": 0.8421052631578947,
    "recall": 1.0,
    "f1-score": 0.9142857142857143,
    "support": 16
  },
  "utter_greet": {
    "precision": 0.0,
    "recall": 0.0,
    "f1-score": 0.0,
    "support": 5
  },
  "mood_unhappy": {
    "precision": 0.0,
    "recall": 0.0,
    "f1-score": 0.0,
    "support": 3
  },
  "micro avg": {
    "precision": 0.7142857142857143,
    "recall": 0.39215686274509803,
    "f1-score": 0.5063291139240506,
    "support": 51
  },
  "macro avg": {
    "precision": 0.15198711063372716,
    "recall": 0.17857142857142858,
    "f1-score": 0.14467120181405896,
    "support": 51
  },
  "weighted avg": {
    "precision": 0.3538257408226448,
    "recall": 0.39215686274509803,
    "f1-score": 0.35655150949268594,
    "support": 51
  }
}